generation,CornerStrategy,NearCornerStrategy,EdgeStrategy,NearEdgeStrategy,HighestTurnoverStrategy,PreventOpponentTurnStrategy,CaptureLastTurnStrategy,DecisiveWinStrategy,IncreaseMobilityStrategy,DecreaseOpponentMobilityStrategy,RandomizationStrategy,wins,loses,ratio
1,0.895040514058858,-0.16103702775201634,0.8133889580469775,-0.3174657008560746,-0.8783701196333578,-0.46473408870794364,-0.058844600319955864,-0.03582704358554367,-0.5875441349263018,0.8654136321093748,0.11659171016839642,17,3,5.666666666666667
2,0.9116737728920561,-0.0713678945762739,0.15887332108907737,0.35118609245146204,0.6449098560559123,0.602682054193509,0.5964862612755613,0.39985660796081346,0.9020856483327593,0.41480484195094935,-0.959713462263073,17,1,17.0
3,0.9116737728920561,-0.15764084099843295,0.15887332108907737,0.35118609245146204,0.6449098560559123,0.602682054193509,0.5964862612755613,0.39985660796081346,0.9020856483327593,0.41480484195094935,-0.959713462263073,19,1,19.0
4,0.9116737728920561,-0.15764084099843295,0.15887332108907737,0.392000742845094,0.6449098560559123,0.602682054193509,0.5964862612755613,0.39985660796081346,0.9020856483327593,0.41480484195094935,-0.959713462263073,18,2,9.0
5,0.9116737728920561,-0.0713678945762739,0.15887332108907737,0.35118609245146204,0.6449098560559123,0.602682054193509,0.5964862612755613,0.39985660796081346,0.9020856483327593,0.41480484195094935,-0.959713462263073,18,2,9.0
6,0.28438661150350447,-0.9686317695008961,-0.46011041738028635,0.17576043755718196,0.41010209696313715,0.4574406328332895,-0.5011478451248799,-0.20917559566645655,-0.3873694207489746,-0.7072502246937102,-0.13844766212758006,18,2,9.0
7,0.9116737728920561,-0.0713678945762739,0.15887332108907737,0.35118609245146204,0.6449098560559123,0.602682054193509,0.5964862612755613,0.39985660796081346,0.9020856483327593,0.41480484195094935,-0.959713462263073,17,3,5.666666666666667
8,0.3071214445669712,-0.8811519640747678,-0.49036698554986047,0.21163005902875476,0.4125973022764142,0.481170508447464,-0.39131062872619826,-0.1970959938767185,-0.4414557364876439,-0.8473598755973493,-0.26125086181204127,15,3,5.0
9,0.9388554927360522,-0.0951493428857296,0.2163192855603586,0.35511315390996717,0.5480117528171375,0.6817552114599792,0.6817649246092989,0.41776593592883177,0.9050003870863617,0.5084365020246191,-0.9290635020563373,15,5,3.0
10,0.9240409301209269,-0.12189099796870517,0.11096484735426901,0.3572383566417864,0.6204227883534515,0.6530974827388919,0.6619034023651167,0.4810673186679656,0.8883896262129136,0.40990050572079645,-0.950666060941717,14,6,2.3333333333333335
11,0.3071214445669712,-0.8811519640747678,-0.4352234065239722,0.21163005902875476,0.4125973022764142,0.481170508447464,-0.39131062872619826,-0.1970959938767185,-0.4414557364876439,-0.8473598755973493,-0.26125086181204127,14,6,2.3333333333333335
12,0.2143029002127264,-0.9448288304810146,-0.40336775941301695,0.26467594368218583,0.46045770469895236,0.5006691965698619,-0.3069898058045614,-0.0999750759917736,-0.4346451472881505,-0.8118382787501081,-0.3318535255352267,15,4,3.75
13,0.9240409301209269,-0.12189099796870517,0.11096484735426901,0.3572383566417864,0.6204227883534515,0.6530974827388919,0.6619034023651167,0.4810673186679656,0.8883896262129136,0.40990050572079645,-0.950666060941717,15,4,3.75
14,0.22358020265762224,-1.0381635033772223,-0.3293800664989859,0.24803533639868736,0.47171355620686606,0.4189574606347967,-0.34767503012674295,-0.019658277681582015,-0.3618846353563055,-0.7519089650111639,-0.3380404363593253,14,4,3.5
15,0.8536564994822371,-0.2920881925799623,0.09975307122659134,0.3020808431029812,0.6916012529386962,0.6713487516000775,0.7796163301564192,0.4511530844435525,0.9035683988730862,0.3308272659851852,-0.8997263047665239,15,5,3.0
16,0.3071214445669712,-0.8811519640747678,-0.4352234065239722,0.21163005902875476,0.4125973022764142,0.481170508447464,-0.39131062872619826,-0.1970959938767185,-0.4414557364876439,-0.8473598755973493,-0.26125086181204127,19,1,19.0
17,0.3071214445669712,-0.8811519640747678,-0.4352234065239722,0.21163005902875476,0.4125973022764142,0.481170508447464,-0.39131062872619826,-0.1970959938767185,-0.4414557364876439,-0.8473598755973493,-0.26125086181204127,16,3,5.333333333333333
18,0.3071214445669712,-0.8811519640747678,-0.4352234065239722,0.21163005902875476,0.4125973022764142,0.481170508447464,-0.39131062872619826,-0.1970959938767185,-0.4414557364876439,-0.8473598755973493,-0.26125086181204127,14,6,2.3333333333333335
19,0.8536564994822371,-0.2920881925799623,0.09975307122659134,0.3020808431029812,0.6916012529386962,0.6713487516000775,0.7796163301564192,0.4511530844435525,0.9035683988730862,0.3308272659851852,-0.8997263047665239,15,5,3.0
20,0.3071214445669712,-0.8811519640747678,-0.4352234065239722,0.21163005902875476,0.4125973022764142,0.481170508447464,-0.39131062872619826,-0.1970959938767185,-0.4414557364876439,-0.8473598755973493,-0.26125086181204127,14,6,2.3333333333333335
21,0.6460778782089827,-0.8956038276513438,0.5726442994994929,-0.38778153211905675,-0.9093429725214437,-0.5121111245782808,-0.3668397312963456,0.8136861279139773,0.32036592192324775,0.4296485588258607,0.4371186114364256,16,4,4.0
22,0.8242602488479933,-0.10481528258192511,0.030939615784308733,0.3472858957179284,0.5406646859632336,0.6606799759466124,0.7496736154770558,0.4319944676651986,0.9191310652932229,0.5159914956769878,-0.8157195233155818,14,6,2.3333333333333335
23,0.3071214445669712,-0.8811519640747678,-0.4352234065239722,0.21163005902875476,0.4125973022764142,0.481170508447464,-0.39131062872619826,-0.1970959938767185,-0.4414557364876439,-0.8473598755973493,-0.26125086181204127,14,6,2.3333333333333335
24,0.8090968825099092,-0.8769178338498969,-0.20001302225507556,0.8367941300957762,0.6860752018791281,0.05356609453438699,-0.7164794910498744,0.40220069763195654,-0.30718102935870095,0.7395722524752519,0.9961767110007742,17,3,5.666666666666667
25,0.8090968825099092,-0.8769178338498969,-0.1907973478398643,0.8367941300957762,0.6860752018791281,0.05356609453438699,-0.7164794910498744,0.40220069763195654,-0.30718102935870095,0.7395722524752519,0.9961767110007742,17,3,5.666666666666667
26,0.8090968825099092,-0.8769178338498969,-0.1907973478398643,0.8367941300957762,0.6860752018791281,0.05356609453438699,-0.7164794910498744,0.40220069763195654,-0.30718102935870095,0.7395722524752519,0.9961767110007742,15,5,3.0
27,0.8090968825099092,-0.8769178338498969,-0.20001302225507556,0.8367941300957762,0.6860752018791281,0.05356609453438699,-0.7164794910498744,0.40220069763195654,-0.30718102935870095,0.7395722524752519,0.9961767110007742,16,3,5.333333333333333
28,0.8090968825099092,-0.8769178338498969,-0.20001302225507556,0.8367941300957762,0.6860752018791281,0.05356609453438699,-0.7164794910498744,0.40220069763195654,-0.30718102935870095,0.7395722524752519,0.9961767110007742,17,2,8.5
29,0.8090968825099092,-0.8769178338498969,-0.1907973478398643,0.8367941300957762,0.6860752018791281,0.05356609453438699,-0.7164794910498744,0.40220069763195654,-0.30718102935870095,0.7395722524752519,0.9961767110007742,15,3,5.0
30,0.8090968825099092,-0.8769178338498969,-0.20001302225507556,0.8367941300957762,0.6860752018791281,0.05356609453438699,-0.7164794910498744,0.40220069763195654,-0.30718102935870095,0.7395722524752519,0.9961767110007742,15,3,5.0
31,0.8090968825099092,-0.8769178338498969,-0.1907973478398643,0.8367941300957762,0.6860752018791281,0.05356609453438699,-0.7164794910498744,0.40220069763195654,-0.30718102935870095,0.7395722524752519,0.9961767110007742,15,5,3.0
32,0.25396247433537344,-0.8259057990350818,-0.46540732336011104,-0.3622947391958655,-0.19569584331819745,-0.6215161289752464,-0.4278627116717262,0.6767024156111132,-0.2759189791957055,0.43635711113609754,-0.9356719602309151,16,4,4.0
33,0.30383069746620045,-0.9218429844659642,-0.3939439240307932,0.2868094160282971,0.4598975743956872,0.4773587039265034,-0.3490782194861629,-0.28391953673347814,-0.3591583280347188,-0.8496106846217236,-0.19925628033841367,14,6,2.3333333333333335
34,0.8338388807344846,-0.9182258319542198,-0.11284492681031641,0.8539692487060612,0.586576506061739,0.10463711702014486,-0.6713766822780318,0.45543423742805467,-0.23985796562354117,0.7632524780290816,0.995068584603108,15,4,3.75
35,0.8717415970427186,-0.9576627308506281,-0.0943764762819643,0.7843878352124064,0.594305123587899,0.13465717162642873,-0.7713607718523656,0.34089037879319534,-0.27450809116134595,0.7306769234160493,1.0484589921784095,15,4,3.75
36,0.8338388807344846,-0.9182258319542198,-0.11284492681031641,0.8539692487060612,0.586576506061739,0.10463711702014486,-0.6713766822780318,0.45543423742805467,-0.23985796562354117,0.7632524780290816,0.995068584603108,15,5,3.0
37,0.8338388807344846,-0.9182258319542198,-0.11284492681031641,0.8539692487060612,0.586576506061739,0.10463711702014486,-0.6713766822780318,0.45543423742805467,-0.21058824590426783,0.7632524780290816,0.995068584603108,15,4,3.75
38,0.8338388807344846,-0.9182258319542198,-0.11284492681031641,0.8539692487060612,0.586576506061739,0.10463711702014486,-0.6713766822780318,0.45543423742805467,-0.21058824590426783,0.7632524780290816,0.995068584603108,16,4,4.0
39,0.8338388807344846,-0.9182258319542198,-0.11284492681031641,0.8539692487060612,0.6207527901994302,0.10463711702014486,-0.6713766822780318,0.45543423742805467,-0.21058824590426783,0.7632524780290816,0.995068584603108,14,6,2.3333333333333335
40,0.8090968825099092,-0.8769178338498969,-0.20001302225507556,0.8367941300957762,0.6860752018791281,0.05356609453438699,-0.7164794910498744,0.40220069763195654,-0.30718102935870095,0.7395722524752519,0.9961767110007742,16,4,4.0
41,0.8762517066303853,-0.9672627246097323,-0.11291932597526716,0.8292989593149925,0.6173996338690285,0.07580511997790966,-0.71712012881363,0.5257183485432594,-0.2053865223686475,0.6875455508047511,0.9215200017236103,18,2,9.0
42,0.8762517066303853,-0.9672627246097323,-0.11291932597526716,0.8292989593149925,0.6173996338690285,0.07580511997790966,-0.71712012881363,0.5257183485432594,-0.2053865223686475,0.6875455508047511,0.9215200017236103,15,5,3.0
43,-0.21802644811093796,-0.7007470645115426,0.2604401405606178,-0.5659038882830161,-0.31505728006538813,0.6272615130920891,-0.34987213498045056,-0.8961320738909433,0.9233259281409709,0.3680042133527701,-0.3230286155186415,14,6,2.3333333333333335
44,0.9660760604959168,-1.0480334841421528,-0.061767924553939896,0.8717134275376007,0.6530473759301739,0.022864393194534365,-0.6185379198235439,0.465349235555244,-0.23656791013072018,0.7555436034258425,0.9548943345332064,15,5,3.0
45,0.9393421694476696,-0.8792223887855186,-0.20462313441900098,0.8283358185400524,0.6180096829627106,0.13675718251980634,-0.7246498567419816,0.5994558355950149,-0.18295822482021717,0.6706904946380374,0.9383308884858492,15,4,3.75
46,0.9660760604959168,-1.0480334841421528,-0.061767924553939896,0.8717134275376007,0.6530473759301739,0.022864393194534365,-0.6185379198235439,0.465349235555244,-0.23656791013072018,0.7555436034258425,0.9548943345332064,16,4,4.0
47,0.9660760604959168,-1.0480334841421528,-0.061767924553939896,0.8717134275376007,0.6530473759301739,0.022864393194534365,-0.6185379198235439,0.465349235555244,-0.23656791013072018,0.7555436034258425,0.9548943345332064,15,4,3.75
48,0.9660760604959168,-1.0480334841421528,-0.061767924553939896,0.8717134275376007,0.6530473759301739,0.022864393194534365,-0.6185379198235439,0.465349235555244,-0.23656791013072018,0.7555436034258425,0.9548943345332064,15,4,3.75
49,0.8762517066303853,-0.9672627246097323,-0.11291932597526716,0.8292989593149925,0.6173996338690285,0.07580511997790966,-0.71712012881363,0.5257183485432594,-0.2053865223686475,0.6875455508047511,0.9215200017236103,16,3,5.333333333333333
50,0.7072215082287925,-0.6154166000934826,0.9345769241460105,-0.26461634890676566,-0.18429439073495102,-0.8502117395693807,0.43484774754248967,0.4160089460351999,0.5724226644253327,0.5838007088962087,-0.973462997740862,16,4,4.0
51,0.8090968825099092,-0.8769178338498969,-0.20001302225507556,0.8367941300957762,0.6860752018791281,0.05356609453438699,-0.7164794910498744,0.40220069763195654,-0.30718102935870095,0.7395722524752519,0.9961767110007742,18,2,9.0
52,0.9032251603522613,-0.8430592755207641,-0.2152372413312863,0.8847732739596971,0.6593967600254361,0.08473830726449193,-0.8623214135263909,0.43040830473194835,-0.25780509243367355,0.5778645179519755,0.9906281740936665,15,5,3.0
53,0.7072215082287925,-0.6154166000934826,0.9485297486159397,-0.26461634890676566,-0.18429439073495102,-0.8502117395693807,0.43484774754248967,0.4160089460351999,0.5724226644253327,0.5838007088962087,-0.973462997740862,16,4,4.0
54,0.8090968825099092,-0.8769178338498969,-0.20001302225507556,0.8367941300957762,0.6860752018791281,0.05356609453438699,-0.7164794910498744,0.40220069763195654,-0.30718102935870095,0.6882231514164071,0.9961767110007742,15,3,5.0
55,0.6715279761966196,-0.5441713130230393,0.9710248329067767,-0.29467716626129326,-0.12727644419300566,-0.8857101034396007,0.3766445029146919,0.3313638236245086,0.4245915111268398,0.6606937389489067,-0.9299761038618859,14,6,2.3333333333333335
56,0.8090968825099092,-0.8769178338498969,-0.20001302225507556,0.8367941300957762,0.6860752018791281,0.05356609453438699,-0.7164794910498744,0.40220069763195654,-0.30718102935870095,0.6935204527721995,0.9961767110007742,15,5,3.0
57,0.8110454474194182,-0.7994581816442302,0.09062715268861293,0.6506428419176156,0.6615049944975008,0.149530546817618,-0.5781049281989987,0.5049982096146771,-0.2784252445626849,0.9214507858770518,1.089481828619234,16,2,8.0
58,0.8090968825099092,-0.8769178338498969,-0.20001302225507556,0.8367941300957762,0.6860752018791281,0.05356609453438699,-0.7164794910498744,0.40220069763195654,-0.30718102935870095,0.6882231514164071,0.9961767110007742,14,6,2.3333333333333335
59,0.8775366312522018,-0.9539665338374829,-0.27048452630570513,0.7494420891819252,0.7663195104729583,0.1339157905046659,-0.6596206031612141,0.38280673879490035,-0.26598639083267017,0.7083822793704989,0.9156795454514703,16,4,4.0
60,0.836239257490934,-0.9749515163866518,-0.29606566306518645,0.8093637324586542,0.6532357604776143,-0.03864254043090734,-0.8705232581546656,0.4288995309849591,-0.2115190893731858,0.7072050142655493,0.9867009753979687,14,6,2.3333333333333335
61,0.6715279761966196,-0.5441713130230393,0.9710248329067767,-0.29467716626129326,-0.12727644419300566,-0.8857101034396007,0.3766445029146919,0.3313638236245086,0.4245915111268398,0.6606937389489067,-0.9299761038618859,14,6,2.3333333333333335
62,0.6715279761966196,-0.5441713130230393,0.9710248329067767,-0.29467716626129326,-0.12727644419300566,-0.8857101034396007,0.3766445029146919,0.3313638236245086,0.4245915111268398,0.6606937389489067,-0.9299761038618859,14,5,2.8
63,0.6715279761966196,-0.5441713130230393,0.9710248329067767,-0.29467716626129326,-0.12727644419300566,-0.8857101034396007,0.3766445029146919,0.3313638236245086,0.4245915111268398,0.6606937389489067,-0.9299761038618859,17,3,5.666666666666667
64,0.8090968825099092,-0.8769178338498969,-0.14130759133177856,0.8367941300957762,0.6860752018791281,0.05356609453438699,-0.7164794910498744,0.40220069763195654,-0.30718102935870095,0.7395722524752519,0.9961767110007742,16,4,4.0
65,0.6715279761966196,-0.5441713130230393,0.9710248329067767,-0.29467716626129326,-0.06239919799402019,-0.8857101034396007,0.3766445029146919,0.3313638236245086,0.4245915111268398,0.6606937389489067,-0.9299761038618859,15,5,3.0
66,0.8090968825099092,-0.9757781133920539,-0.17547389861392737,0.8367941300957762,0.6979354044503119,0.05356609453438699,-0.7164794910498744,0.40220069763195654,-0.30718102935870095,0.7395722524752519,0.9961767110007742,16,4,4.0
67,0.806575017956865,-0.8879815026803152,-0.18541766743783192,0.7461254953927636,0.7760869843844109,0.12736738817792287,-0.7947841997457077,0.42487412690526777,-0.2890467380576562,0.6810387762886195,0.913884765312632,15,5,3.0
68,0.6715279761966196,-0.5441713130230393,0.9710248329067767,-0.29467716626129326,-0.12727644419300566,-0.8857101034396007,0.3766445029146919,0.3313638236245086,0.3813685465798678,0.6606937389489067,-0.9299761038618859,15,5,3.0
69,0.5051311983856226,-0.8541749200381908,0.42460787859173427,-0.26722707844056937,-0.6252816375564356,-0.8721514241118058,-0.741899343656766,0.946630831969094,0.6352558102019065,0.9003500474283479,0.27927613051027483,16,2,8.0
70,0.6715279761966196,-0.5441713130230393,0.9710248329067767,-0.29467716626129326,-0.12727644419300566,-0.8316213045074251,0.3766445029146919,0.3313638236245086,0.3813685465798678,0.6606937389489067,-0.9299761038618859,16,4,4.0
71,0.6715279761966196,-0.6303398097773726,1.0619216768232653,-0.29467716626129326,-0.06239919799402019,-0.8857101034396007,0.3766445029146919,0.3313638236245086,0.4245915111268398,0.6606937389489067,-0.9299761038618859,16,3,5.333333333333333
72,0.6715279761966196,-0.5441713130230393,0.9710248329067767,-0.29467716626129326,-0.12727644419300566,-0.8316213045074251,0.3766445029146919,0.3313638236245086,0.3813685465798678,0.6606937389489067,-0.9299761038618859,16,4,4.0
73,0.8444041158896651,-0.8425612432259357,-0.1730344222264127,0.8182526458854663,0.6024444030663928,0.005973737946335177,-0.7881446264358232,0.47687132231617296,-0.32560186371575045,0.7613728384492403,1.0188647252871994,14,6,2.3333333333333335
74,0.6715279761966196,-0.5441713130230393,0.9710248329067767,-0.29467716626129326,-0.12727644419300566,-0.8316213045074251,0.3766445029146919,0.3313638236245086,0.3813685465798678,0.6606937389489067,-0.9299761038618859,15,4,3.75
75,0.4000691440362558,-0.37571521648486583,0.6625747418268677,-0.27109129718340175,0.032447933352138136,-0.8636262353618609,0.9384458589095548,0.01685186477960121,0.8942546558517173,0.24293487564328475,-0.16643765177381598,15,4,3.75
76,0.6715279761966196,-0.5441713130230393,0.9710248329067767,-0.29467716626129326,-0.12727644419300566,-0.8316213045074251,0.3766445029146919,0.3313638236245086,0.3813685465798678,0.6606937389489067,-0.9299761038618859,15,5,3.0
77,0.7356884132117214,-0.586595242822486,0.9298301383548494,-0.3533600976108721,-0.16520407097657636,-0.8614885095400682,0.29165684723956575,0.4169568159154411,0.43981044425842,0.6314155457731048,-0.8965280458745979,17,3,5.666666666666667
78,0.8665778546535082,-0.9124227521466981,-0.16209602745119567,0.817158395546501,0.505570653511599,-0.1318062339904953,-0.8323456480610085,0.379425961446644,-0.41986579851874145,0.7029311837128615,1.100071365962063,15,5,3.0
79,0.714324613242604,-0.584154496320538,0.8861500405412754,-0.38185192974422316,-0.10227785912520818,-0.821288476391854,0.30866870597623713,0.36846510086465056,0.4137797398569049,0.6277673757430147,-0.917063333190644,15,4,3.75
80,0.6336126933982829,-0.573856007477275,1.0149599691946993,-0.2968668646893554,-0.16993622436619632,-0.7836092533764097,0.39805993915440785,0.34749528050378836,0.46537649764271444,0.6738378034728657,-0.9820380258797227,16,3,5.333333333333333
81,0.8665778546535082,-0.9124227521466981,-0.2158901637076322,0.817158395546501,0.505570653511599,-0.1318062339904953,-0.8323456480610085,0.379425961446644,-0.41986579851874145,0.7029311837128615,1.100071365962063,15,4,3.75
82,0.5239264471585957,-0.558484865442442,1.0243957610175713,-0.28138547384693224,-0.08004335917947575,-1.007442310376212,0.402180801433363,0.4680083219840042,0.5175965409933216,0.7123668258639225,-0.7937103792089764,14,5,2.8
83,0.8416723001441058,-0.9462090808799719,-0.13281503791554375,0.7957444324585512,0.45360143169917244,-0.14860266400057284,-0.9132399630405674,0.34466118697227116,-0.3629505948076847,0.7416267865939514,1.1228260984659386,16,4,4.0
84,0.5778518408475718,-0.6496885139548109,1.034906229401606,-0.2128630248037973,-0.16090483929030386,-0.850397896910325,0.399582917612528,0.31023048774022016,0.43560243091020195,0.7239450095009603,-1.0784495117850368,15,4,3.75
85,0.6561713745164257,-0.5978678520509844,0.9700267955559824,-0.2271462181153728,-0.10312710883282064,-0.9295859621801934,0.3182014403362971,0.29732641595806697,0.5938828078357216,0.6488261635969997,-0.9563497227507406,16,3,5.333333333333333
86,0.45638663990843287,-0.8678019454539267,-0.271277809970198,0.36885809073023657,-0.12294148211325062,0.2632307549667876,-0.8636704522038392,0.5321852663958619,0.5164343053259299,0.016836546183826462,-0.5176754105628087,16,4,4.0
87,0.6561713745164257,-0.5978678520509844,0.9700267955559824,-0.2271462181153728,-0.10312710883282064,-0.9295859621801934,0.3182014403362971,0.29732641595806697,0.5938828078357216,0.6488261635969997,-0.8618160036787994,16,3,5.333333333333333
88,0.5948460372819655,-0.5548336814898407,0.8782259791713553,-0.31099760687242756,-0.156512402229137,-0.9376781802289866,0.3675166510936487,0.30918314771587446,0.5156152553952875,0.6411815534807643,-0.7931712925171038,15,5,3.0
89,0.6561713745164257,-0.5978678520509844,0.9700267955559824,-0.2271462181153728,-0.10312710883282064,-0.9295859621801934,0.3182014403362971,0.29732641595806697,0.5938828078357216,0.6488261635969997,-0.8618160036787994,16,4,4.0
90,0.9870848012622846,-0.25623203272670847,-0.1441694087984795,-0.02921762084160351,-0.12821694950304252,0.5569186393888796,0.13904302688181547,0.6334931234674996,-0.060663122881024156,0.21436399692566455,0.005677365466026707,12,8,1.5
91,0.9870848012622846,-0.25623203272670847,-0.1441694087984795,-0.02921762084160351,-0.12821694950304252,0.5569186393888796,0.13904302688181547,0.6334931234674996,-0.060663122881024156,0.21436399692566455,0.005677365466026707,14,6,2.3333333333333335
92,0.6561713745164257,-0.5978678520509844,0.9700267955559824,-0.2271462181153728,-0.10312710883282064,-0.9295859621801934,0.3182014403362971,0.29732641595806697,0.5299269579458215,0.6488261635969997,-0.8618160036787994,13,7,1.8571428571428572
93,0.9870848012622846,-0.25623203272670847,-0.1441694087984795,-0.02921762084160351,-0.12821694950304252,0.5569186393888796,0.13904302688181547,0.6334931234674996,-0.060663122881024156,0.21436399692566455,0.005677365466026707,16,4,4.0
94,0.5567917665090243,-0.5754475459539354,0.9276923242949399,-0.16670141643898087,-0.1319627804105722,-1.0154770923627052,0.3047340381354443,0.22136718236124453,0.5236712003400892,0.5914260519541489,-0.778863877763355,15,5,3.0
95,0.976086494715344,-0.37650047240761847,-0.034839002155444845,-0.05410890149924877,-0.06611270895929286,0.41481306411053404,0.1662041183996892,0.7333445771744437,0.10564420472092476,0.16517824328742342,-0.03823901029432171,16,4,4.0
96,0.963870296271518,-0.30050361034976325,-0.12101329665730128,-0.02334539608398449,-0.0862090524615243,0.48901841759954406,0.06779802755096953,0.6481626591424428,0.022700426981498628,0.12147029354038275,-0.008804851870790678,16,4,4.0
97,0.963870296271518,-0.30050361034976325,-0.12101329665730128,-0.02334539608398449,-0.0862090524615243,0.48901841759954406,0.06779802755096953,0.6481626591424428,0.022700426981498628,0.12147029354038275,-0.008804851870790678,16,4,4.0
98,0.9433611361672184,-0.3561220766932737,-0.17645978620873093,0.05135523762202408,-0.05935855516579977,0.44287417112281047,-0.009832851277454147,0.6529826213933568,-0.07722635616945997,0.046292115018600255,-0.0550898222331866,16,4,4.0
99,0.9433611361672184,-0.3561220766932737,-0.17645978620873093,0.05135523762202408,-0.05935855516579977,0.44287417112281047,-0.009832851277454147,0.6529826213933568,-0.07722635616945997,0.046292115018600255,-0.0550898222331866,16,4,4.0
100,0.1671117387634237,-0.4859380389378245,0.8318572920236034,0.13118055756351948,-0.488246049405517,0.5188379061221111,0.6266429119306115,0.013604043782795727,0.5383208126179194,0.6235302807746691,-0.5956126606071319,16,3,5.333333333333333
101,0.1671117387634237,-0.4859380389378245,0.8318572920236034,0.13118055756351948,-0.488246049405517,0.5188379061221111,0.6266429119306115,0.013604043782795727,0.5383208126179194,0.6235302807746691,-0.5956126606071319,16,4,4.0
102,0.141206748932746,-0.33632845762286695,0.8863782581887203,0.3151130163864396,-0.44662475350531017,0.5857838166610341,0.4822404915129504,-0.13424582065334298,0.5543313456087382,0.8363730903415689,-0.4769384800106655,16,4,4.0
103,0.9566063620601247,-0.3073915295246177,-0.044604934401019675,0.022189651924223258,-0.1636813472992311,0.4512029817469565,0.11176643198042481,0.5728413337051264,0.08876235602204527,0.2719694415251609,0.014839080891602408,15,4,3.75
104,0.9566063620601247,-0.3073915295246177,-0.044604934401019675,0.022189651924223258,-0.1636813472992311,0.4512029817469565,0.11176643198042481,0.5728413337051264,0.08876235602204527,0.2719694415251609,0.014839080891602408,14,6,2.3333333333333335
105,0.9566063620601247,-0.3073915295246177,-0.044604934401019675,0.022189651924223258,-0.1636813472992311,0.4512029817469565,0.11176643198042481,0.5728413337051264,0.08876235602204527,0.2719694415251609,0.014839080891602408,14,5,2.8
106,0.9566063620601247,-0.3073915295246177,-0.044604934401019675,0.022189651924223258,-0.1636813472992311,0.4512029817469565,0.11176643198042481,0.5191635463861732,0.08876235602204527,0.2719694415251609,0.014839080891602408,15,4,3.75
107,0.9566063620601247,-0.3073915295246177,-0.044604934401019675,0.022189651924223258,-0.1636813472992311,0.4512029817469565,0.11176643198042481,0.5728413337051264,0.08876235602204527,0.2719694415251609,0.014839080891602408,15,4,3.75
108,0.9824935399108707,-0.4047944662184776,-0.1295351088289601,0.04973767702912796,-0.14128506580326006,0.5468396157599336,0.0271031438858287,0.5746111986763432,0.13329380606483177,0.2921486385398535,0.07728787851959298,14,6,2.3333333333333335
109,0.9566063620601247,-0.3073915295246177,-0.044604934401019675,0.022189651924223258,-0.1636813472992311,0.4512029817469565,0.11176643198042481,0.5191635463861732,0.08876235602204527,0.2719694415251609,0.014839080891602408,14,5,2.8
110,0.9566063620601247,-0.2599890185769405,-0.044604934401019675,0.022189651924223258,-0.1636813472992311,0.4512029817469565,0.11176643198042481,0.5728413337051264,0.08876235602204527,0.2719694415251609,0.014839080891602408,16,4,4.0
111,1.0186568231173376,-0.32042453140069116,-0.12407661418441263,-0.0014042775635655716,-0.11410292039425762,0.4754468587185897,-0.05077762672232894,0.6447478264886808,0.14307659996809347,0.26812395715980575,0.16053142158876044,14,4,3.5
112,1.0296534101160308,-0.2770696260543394,-0.14781679993059466,0.039556642642881626,-0.04060690649447851,0.3849270473635735,0.0024364784953454233,0.6906329085322078,0.09221648012105715,0.13915382235241444,-0.056187300900356625,15,5,3.0
113,0.9824935399108707,-0.4047944662184776,-0.1295351088289601,0.04973767702912796,-0.14128506580326006,0.5468396157599336,0.0271031438858287,0.5746111986763432,0.13329380606483177,0.2921486385398535,0.07728787851959298,15,5,3.0
114,0.9566063620601247,-0.3073915295246177,-0.044604934401019675,0.022189651924223258,-0.1636813472992311,0.4512029817469565,0.11176643198042481,0.5728413337051264,0.08876235602204527,0.2719694415251609,0.014839080891602408,14,6,2.3333333333333335
115,1.0296534101160308,-0.2770696260543394,-0.14781679993059466,0.039556642642881626,-0.04060690649447851,0.3849270473635735,0.0024364784953454233,0.6906329085322078,0.09221648012105715,0.13915382235241444,-0.056187300900356625,15,5,3.0
116,0.9824935399108707,-0.4047944662184776,-0.1295351088289601,0.04973767702912796,-0.14676809716758588,0.5468396157599336,-0.04117915908179508,0.5746111986763432,0.13329380606483177,0.2921486385398535,0.07728787851959298,14,6,2.3333333333333335
117,1.0491834410274827,-0.3422211030733041,-0.17379274351695828,0.008324397502915443,-0.012914926066180776,0.2922173226426767,-0.08459178242637541,0.7562863507272808,0.036414957159966864,0.12092203640105226,-0.10698300037357969,14,6,2.3333333333333335
118,1.0296534101160308,-0.2770696260543394,-0.14781679993059466,0.039556642642881626,-0.04060690649447851,0.4635776975478238,0.0024364784953454233,0.6906329085322078,0.09221648012105715,0.13915382235241444,-0.056187300900356625,15,5,3.0
119,0.9980278106210024,-0.3422211030733041,-0.17379274351695828,0.008324397502915443,-0.012914926066180776,0.2922173226426767,-0.08459178242637541,0.7562863507272808,0.036414957159966864,0.12092203640105226,-0.10698300037357969,16,4,4.0
120,0.9824935399108707,-0.4047944662184776,-0.1295351088289601,0.04973767702912796,-0.14676809716758588,0.5468396157599336,-0.04117915908179508,0.5746111986763432,0.13329380606483177,0.2921486385398535,0.07728787851959298,13,7,1.8571428571428572
121,0.9824935399108707,-0.4047944662184776,-0.1295351088289601,0.04973767702912796,-0.14676809716758588,0.5468396157599336,-0.04117915908179508,0.5746111986763432,0.13329380606483177,0.2921486385398535,0.07728787851959298,17,3,5.666666666666667
122,0.9128889146261644,-0.47098042461953304,-0.18338084991641296,0.11847865700906834,-0.15159400472577136,0.5260348841946743,-0.025719634824684395,0.5784873626024702,0.21999195734527832,0.2496254562692176,0.12092925176955802,15,4,3.75
123,0.9507447853504555,-0.4867157802637455,-0.19046862044704144,0.02599677452352636,-0.1152974194729525,0.5859220918570791,0.018988094099060007,0.510188591472906,0.20244689255966566,0.23861931342963566,0.0436857141204213,14,6,2.3333333333333335
124,1.0296534101160308,-0.2770696260543394,-0.14781679993059466,0.039556642642881626,-0.04060690649447851,0.44133147115970084,0.0024364784953454233,0.6906329085322078,0.002321450372090972,0.13915382235241444,-0.056187300900356625,14,5,2.8
125,1.0071434133474693,-0.46370343994156366,-0.09985867632215047,0.09487135584474021,-0.17162438273426758,0.6359868862285548,0.07032091429851725,0.6482007820856202,0.3432208556625896,0.23161534865328087,0.030187959542407314,15,5,3.0
126,1.0296534101160308,-0.2770696260543394,-0.14781679993059466,0.039556642642881626,-0.04060690649447851,0.44133147115970084,0.0024364784953454233,0.6906329085322078,0.002321450372090972,0.13915382235241444,-0.056187300900356625,15,4,3.75
127,1.0071434133474693,-0.46370343994156366,-0.09985867632215047,0.09487135584474021,-0.17162438273426758,0.6359868862285548,0.07032091429851725,0.6482007820856202,0.39030645377034345,0.23161534865328087,0.030187959542407314,16,4,4.0
128,1.0491834410274827,-0.3422211030733041,-0.17379274351695828,0.008324397502915443,-0.012914926066180776,0.2922173226426767,-0.08459178242637541,0.7562863507272808,0.11623735525452594,0.12092203640105226,-0.10698300037357969,15,5,3.0
129,0.9507447853504555,-0.5601473574410307,-0.19046862044704144,-0.06601180349307438,-0.1152974194729525,0.5859220918570791,0.018988094099060007,0.510188591472906,0.20244689255966566,0.2081702631887773,0.0436857141204213,16,4,4.0
130,0.9373321252415971,-0.38061563049870634,-0.18282632331190865,0.055530583747182324,-0.06469963704226545,0.5777059733745987,0.03121141218793532,0.6839897074607444,0.28980509955008776,0.26265906352453405,0.029416098660733137,15,5,3.0
131,0.9507447853504555,-0.4867157802637455,-0.2755702311846374,0.02599677452352636,-0.1152974194729525,0.5859220918570791,0.018988094099060007,0.510188591472906,0.20244689255966566,0.13209335092002816,0.0436857141204213,14,4,3.5
132,1.0071434133474693,-0.46370343994156366,-0.09985867632215047,0.09487135584474021,-0.17162438273426758,0.6359868862285548,0.010814644558101452,0.6482007820856202,0.39030645377034345,0.23161534865328087,-0.058760379221170445,15,5,3.0
133,1.0071434133474693,-0.46370343994156366,-0.09985867632215047,0.09487135584474021,-0.16323766005545268,0.6359868862285548,0.07032091429851725,0.6482007820856202,0.3432208556625896,0.23161534865328087,0.030187959542407314,18,1,18.0
134,1.0071434133474693,-0.46370343994156366,-0.09985867632215047,0.09487135584474021,-0.16323766005545268,0.6359868862285548,0.07032091429851725,0.6777295405511232,0.3432208556625896,0.23161534865328087,0.030187959542407314,12,7,1.7142857142857142
135,1.0071434133474693,-0.46370343994156366,-0.09985867632215047,0.09487135584474021,-0.17162438273426758,0.6359868862285548,0.05061080273624259,0.6482007820856202,0.46626697117619387,0.23161534865328087,-0.058760379221170445,14,5,2.8
136,1.0071434133474693,-0.46370343994156366,-0.09985867632215047,0.09487135584474021,-0.17162438273426758,0.6359868862285548,0.05061080273624259,0.6482007820856202,0.47456939089129724,0.23161534865328087,-0.058760379221170445,16,4,4.0
137,1.0071434133474693,-0.46370343994156366,-0.09985867632215047,0.09487135584474021,-0.17162438273426758,0.6359868862285548,0.010814644558101452,0.6482007820856202,0.39030645377034345,0.23161534865328087,-0.058760379221170445,17,3,5.666666666666667
138,0.9990202199383107,-0.4929427690173345,-0.0934902373262426,0.16479991184866052,-0.1323921995872959,0.6510963099996112,0.06192545077310761,0.5839552067442256,0.34965495670294555,0.1585829517758124,-0.11102934050678473,15,5,3.0
139,1.1527297756618309,-0.38446352335310296,-0.08880258354116113,0.17879756239079014,-0.18434694248266043,0.48196214148999816,0.21524538034969412,0.6116571126956977,0.3295611065578016,0.2211044288756368,0.06534084284092018,15,5,3.0
140,1.0576608207199985,-0.44135456949768026,-0.08080923671382478,0.10112790643603689,-0.0855020474541803,0.580330816012272,0.14102602591625096,0.6369177563049655,0.3287602296949085,0.25325575883658635,0.12325839534749387,15,4,3.75
141,1.0576608207199985,-0.44135456949768026,-0.08080923671382478,0.10112790643603689,-0.0855020474541803,0.580330816012272,0.14102602591625096,0.6369177563049655,0.3287602296949085,0.25325575883658635,0.12325839534749387,16,3,5.333333333333333
142,0.9189182712383199,-0.4100805090417675,-0.09176996277841705,0.09917533171157063,-0.18987923462100714,0.665320424638371,0.06454045244294206,0.6690037995401339,0.21191154265890505,0.17087786162675983,-0.03917566585903037,17,3,5.666666666666667
143,0.9990202199383107,-0.4929427690173345,-0.0934902373262426,0.16479991184866052,-0.1323921995872959,0.6510963099996112,0.06192545077310761,0.5839552067442256,0.28918093565777614,0.1585829517758124,-0.11102934050678473,15,5,3.0
144,0.9577889792735607,-0.4365191695978714,-0.15234929950594028,0.07974237787867226,-0.013687856858928163,0.5709757173528479,0.1117462081056317,0.3472434936507399,0.15089428229620305,0.24268956773689523,0.0424033273771101,16,4,4.0
145,0.9577889792735607,-0.4365191695978714,-0.24171034366119898,0.07974237787867226,-0.013687856858928163,0.5709757173528479,0.1117462081056317,0.3472434936507399,0.15089428229620305,0.24268956773689523,0.0424033273771101,15,5,3.0
146,0.903719856122163,-0.44088242596175936,-0.10088607188027418,0.09778317937135096,-0.04899914363161843,0.6201358354944159,0.19964535410046474,0.27966599829764804,0.08808191430292237,0.26177817842399176,0.015079089364063158,13,7,1.8571428571428572
147,1.0945290162467145,-0.5072193515528832,-0.08599055668861326,0.04276399045382513,-0.17447516090802712,0.60954685043448,0.08947267413157364,0.6583896182805019,0.4021241594853241,0.27495346897736994,0.08071861100901649,16,4,4.0
148,0.9092650757866495,-0.4002893604114631,-0.18312485454456462,0.020210236612905372,-0.1884614462698326,0.7059711286156014,0.08260011414021697,0.6981160611831735,0.11568241664937383,0.26054619915273275,0.011124294550957092,15,4,3.75
149,1.03192758593614,-0.3659580604295458,-0.2810151059888554,0.02422581124534634,-0.058321279137674015,0.5733755318464336,0.09366827672555825,0.329003412297752,0.08298091506203081,0.2263626132098136,-0.0951876419292386,16,4,4.0
150,1.0164779903042742,-0.3633778653660579,-0.26045354666376547,0.05862326832516408,-0.0035499315614515303,0.47468233237825214,0.15724020362818336,0.4259006600031301,0.14206623819532968,0.3136851088155175,-0.035522544985609375,15,2,7.5
151,1.084178918930678,-0.4199693898031877,-0.2645508595560522,-0.04105140572687668,-0.02789952062132421,0.4675434777145655,0.06351009209929803,0.4379373492199792,0.045679165036042205,0.33966128676996993,0.01531330396742446,15,5,3.0
152,1.0164779903042742,-0.3633778653660579,-0.26045354666376547,0.05862326832516408,-0.0035499315614515303,0.47468233237825214,0.15724020362818336,0.4259006600031301,0.14206623819532968,0.3136851088155175,-0.035522544985609375,16,4,4.0
153,0.9092650757866495,-0.4002893604114631,-0.18312485454456462,0.020210236612905372,-0.1884614462698326,0.7059711286156014,0.08260011414021697,0.6981160611831735,0.11568241664937383,0.26054619915273275,0.011124294550957092,17,3,5.666666666666667
154,0.9658315826017431,-0.38823640194693204,-0.1829791300485225,-0.01847900988764735,-0.02660882705639299,0.48128135854784465,0.10694049228513076,0.3476583633779994,-0.03484303561392624,0.15236809866339687,0.12179444651784292,16,4,4.0
155,0.9658315826017431,-0.38823640194693204,-0.1829791300485225,-0.01847900988764735,-0.02660882705639299,0.48128135854784465,0.10694049228513076,0.3476583633779994,-0.03484303561392624,0.15236809866339687,0.12179444651784292,15,5,3.0
156,0.9981789080053292,-0.42417100226016247,-0.3041410042600988,0.08539833309728646,0.061700651943979,0.40676449570161866,0.3422981721629067,0.5197966712255306,0.04411654247339317,0.33903192270468324,-0.1119666816945666,15,5,3.0
157,0.9092650757866495,-0.4002893604114631,-0.18312485454456462,0.020210236612905372,-0.1884614462698326,0.7059711286156014,0.08260011414021697,0.6981160611831735,0.11568241664937383,0.26054619915273275,0.011124294550957092,16,3,5.333333333333333
158,0.9092650757866495,-0.4002893604114631,-0.18312485454456462,0.020210236612905372,-0.1884614462698326,0.7059711286156014,0.08260011414021697,0.6981160611831735,0.11568241664937383,0.26054619915273275,0.011124294550957092,15,5,3.0
159,0.9658315826017431,-0.38823640194693204,-0.1829791300485225,-0.01847900988764735,-0.02660882705639299,0.48128135854784465,0.10694049228513076,0.3476583633779994,-0.03484303561392624,0.15236809866339687,0.12179444651784292,15,5,3.0
160,0.8116812309510989,-0.7292305971051884,0.9610436189201924,-0.028358140476784005,0.5839679999042616,0.8413055326762442,0.904947462276115,-0.6838466983358141,0.33157942367192905,0.1186333180417326,-0.6313807786025722,15,5,3.0
161,0.9658315826017431,-0.38823640194693204,-0.1829791300485225,-0.01847900988764735,-0.02660882705639299,0.48128135854784465,0.10694049228513076,0.3476583633779994,-0.03484303561392624,0.15236809866339687,0.12788470702061705,14,5,2.8
162,1.0655005107568407,-0.5636142607424949,-0.10236968261263463,-0.10002510075365953,0.08856677432397536,0.40400831593504516,0.07470989009335458,0.5148000903709564,-0.029077478706367357,0.37176019877615013,0.1354967550409463,13,7,1.8571428571428572
163,0.9092650757866495,-0.42669496609320295,-0.17941805078863338,0.020210236612905372,-0.1884614462698326,0.7059711286156014,0.08260011414021697,0.6981160611831735,0.11568241664937383,0.26054619915273275,0.011124294550957092,16,4,4.0
164,0.9092650757866495,-0.42669496609320295,-0.18312485454456462,0.020210236612905372,-0.1884614462698326,0.7059711286156014,0.08260011414021697,0.6981160611831735,0.11568241664937383,0.30752696833298876,0.011124294550957092,17,3,5.666666666666667
165,0.9068205137166889,-0.30695277975809143,-0.18391194237553693,0.08630910572820698,-0.11622903518892624,0.6874786997032339,0.0076200749949233565,0.6955908824001613,0.19730100880435314,0.34961676315601775,0.09437104917677208,14,6,2.3333333333333335
166,0.9658315826017431,-0.38823640194693204,-0.1829791300485225,-0.01847900988764735,-0.02660882705639299,0.48128135854784465,0.10694049228513076,0.3476583633779994,-0.03484303561392624,0.15236809866339687,0.12788470702061705,16,2,8.0
167,1.04005679459905,-0.31222092194955375,-0.1390294845469176,-0.01028212253455206,-0.19569836509087088,0.66817392933728,0.06464828890850488,0.6762462697124312,0.16251668724459936,0.3289589073810124,0.13423625531105363,16,4,4.0
168,0.9612608377214062,-0.4063966524117808,-0.10117360138759687,-0.054242304011377765,-0.13283891843269954,0.6459831177572303,0.08063333256264058,0.7441219395106882,0.21363349818245964,0.2319379987694823,-0.004301375379684405,15,4,3.75
169,0.8274583083529532,-0.4068577602945745,-0.25191793273902346,-0.06812519317902731,-0.11845862286897374,0.8263647990891383,-0.08758886546871111,0.8588337432904735,0.11076229890548482,0.3143208951829918,0.026790335392541942,15,5,3.0
170,0.9612608377214062,-0.4063966524117808,-0.10117360138759687,-0.054242304011377765,-0.13283891843269954,0.6459831177572303,0.08063333256264058,0.7441219395106882,0.21363349818245964,0.17310105866151076,-0.004301375379684405,15,4,3.75
171,0.9612608377214062,-0.4063966524117808,-0.10117360138759687,-0.054242304011377765,-0.13283891843269954,0.6459831177572303,0.08063333256264058,0.7441219395106882,0.21363349818245964,0.17310105866151076,-0.004301375379684405,15,4,3.75
172,0.9612608377214062,-0.4063966524117808,-0.10117360138759687,-0.054242304011377765,-0.13283891843269954,0.6459831177572303,0.08063333256264058,0.7441219395106882,0.21363349818245964,0.17310105866151076,-0.004301375379684405,14,4,3.5
173,0.7790518787542344,-0.32981556647891275,-0.1849083530781928,-0.03775052769487457,-0.032835632026145894,0.8506209289813221,-0.04158199689239636,0.8810064084621152,0.07635002548684088,0.2525155481223827,0.026657823312987522,15,5,3.0
174,0.8274583083529532,-0.4068577602945745,-0.25191793273902346,-0.06812519317902731,-0.11845862286897374,0.8263647990891383,-0.08758886546871111,0.8588337432904735,0.11076229890548482,0.3143208951829918,0.026790335392541942,16,4,4.0
175,0.8274583083529532,-0.4068577602945745,-0.25191793273902346,-0.06812519317902731,-0.11845862286897374,0.8263647990891383,-0.08758886546871111,0.8588337432904735,0.11076229890548482,0.3143208951829918,0.026790335392541942,15,5,3.0
176,0.8442504020534353,-0.4068577602945745,-0.25191793273902346,-0.06812519317902731,-0.11845862286897374,0.8263647990891383,-0.08758886546871111,0.8588337432904735,0.11076229890548482,0.3143208951829918,0.026790335392541942,16,4,4.0
177,0.8906571547602342,-0.37662641671091446,-0.15868064029280135,0.043794396970774155,-0.11706753595432781,0.48591224458092563,0.1470040207812794,0.38233913277091286,-0.0033285984282487024,0.19788005599147743,0.16935371254725254,15,5,3.0
178,0.8442504020534353,-0.4068577602945745,-0.25191793273902346,-0.06812519317902731,-0.11845862286897374,0.8263647990891383,-0.08758886546871111,0.8588337432904735,0.11076229890548482,0.3143208951829918,0.026790335392541942,13,6,2.1666666666666665
179,0.8442504020534353,-0.4068577602945745,-0.25191793273902346,-0.06812519317902731,-0.11845862286897374,0.8263647990891383,-0.08758886546871111,0.8588337432904735,0.11076229890548482,0.3143208951829918,0.026790335392541942,15,5,3.0
180,0.9658315826017431,-0.4029446405030269,-0.1453871686173939,-0.01847900988764735,-0.02660882705639299,0.48128135854784465,0.10694049228513076,0.3476583633779994,-0.03484303561392624,0.15236809866339687,0.12788470702061705,16,4,4.0
181,0.9249767451159586,-0.3047501123797133,-0.16917299891631393,-0.08240481029669418,-0.052022691568167065,0.489130805675096,0.10703502488862374,0.2765577137454909,0.0034390425245498513,0.08250461893543862,0.033691447793567586,15,5,3.0
182,0.7790518787542344,-0.32981556647891275,-0.1849083530781928,-0.03775052769487457,-0.032835632026145894,0.8506209289813221,-0.0989876863397465,0.8810064084621152,0.07635002548684088,0.2525155481223827,0.0891620101936619,15,3,5.0
183,0.9658315826017431,-0.4029446405030269,-0.1453871686173939,-0.01847900988764735,-0.02660882705639299,0.48128135854784465,0.10694049228513076,0.293782631299334,-0.03484303561392624,0.15236809866339687,0.12788470702061705,13,6,2.1666666666666665
184,0.9658315826017431,-0.38823640194693204,-0.1453871686173939,-0.01847900988764735,-0.02660882705639299,0.48128135854784465,0.10694049228513076,0.3476583633779994,-0.03484303561392624,0.15236809866339687,0.12788470702061705,14,5,2.8
185,0.9658315826017431,-0.38823640194693204,-0.1453871686173939,-0.01847900988764735,-0.02660882705639299,0.48128135854784465,0.10694049228513076,0.3476583633779994,-0.03484303561392624,0.19537457674233846,0.12788470702061705,15,4,3.75
186,0.9658315826017431,-0.38823640194693204,-0.1453871686173939,0.05528186842871764,-0.02660882705639299,0.48128135854784465,0.10694049228513076,0.3476583633779994,-0.03484303561392624,0.15236809866339687,0.12788470702061705,16,4,4.0
187,0.9658315826017431,-0.4029446405030269,-0.1453871686173939,-0.01847900988764735,-0.02660882705639299,0.48128135854784465,0.10694049228513076,0.3476583633779994,-0.03484303561392624,0.15236809866339687,0.12788470702061705,16,3,5.333333333333333
188,0.9658315826017431,-0.4029446405030269,-0.1453871686173939,-0.01847900988764735,-0.02660882705639299,0.48128135854784465,0.10694049228513076,0.3476583633779994,-0.03484303561392624,0.15236809866339687,0.12788470702061705,16,4,4.0
189,1.0710981810167437,-0.45903464437544156,-0.03255403270429519,-0.12058661211392527,0.07974297035596482,0.4551333199657217,0.09957904600528816,0.25096142727769305,-0.18415288216049372,0.1803282343962578,-0.03006820459240825,15,5,3.0
190,1.0710981810167437,-0.45903464437544156,-0.06686581668425094,-0.12058661211392527,0.07974297035596482,0.4551333199657217,0.09957904600528816,0.25096142727769305,-0.18415288216049372,0.1803282343962578,-0.03006820459240825,16,3,5.333333333333333
191,1.0710981810167437,-0.4713183002432288,-0.06686581668425094,-0.12058661211392527,0.07974297035596482,0.4551333199657217,0.09957904600528816,0.25096142727769305,-0.18415288216049372,0.1803282343962578,-0.03006820459240825,15,4,3.75
192,1.0710981810167437,-0.45903464437544156,-0.06686581668425094,-0.12058661211392527,0.07974297035596482,0.4551333199657217,0.1773291579780432,0.25096142727769305,-0.18415288216049372,0.1803282343962578,-0.03006820459240825,14,5,2.8
193,1.0710981810167437,-0.4713183002432288,-0.06686581668425094,-0.12058661211392527,0.07974297035596482,0.4551333199657217,0.09957904600528816,0.25096142727769305,-0.18415288216049372,0.1803282343962578,-0.03006820459240825,16,4,4.0
194,1.0710981810167437,-0.45903464437544156,-0.06686581668425094,-0.12058661211392527,0.07974297035596482,0.4551333199657217,0.1773291579780432,0.25096142727769305,-0.12218875738010082,0.1803282343962578,-0.022357524151066427,15,5,3.0
195,0.9349685701942811,-0.417180430221325,-0.18301908153018945,-0.10519578451069239,-0.0321598294286365,0.454783734171904,0.14729132144007978,0.43331928292251654,-0.009790031895532209,0.11311788779362028,0.06561723419760052,16,3,5.333333333333333
196,1.0710981810167437,-0.45903464437544156,-0.06686581668425094,-0.12058661211392527,0.07974297035596482,0.4551333199657217,0.1773291579780432,0.25096142727769305,-0.18415288216049372,0.1803282343962578,-0.022357524151066427,16,4,4.0
197,1.0710981810167437,-0.45903464437544156,-0.06686581668425094,-0.12058661211392527,0.07974297035596482,0.4551333199657217,0.1773291579780432,0.25096142727769305,-0.18415288216049372,0.1803282343962578,-0.005733176566376064,17,3,5.666666666666667
198,0.9349685701942811,-0.3684257766471758,-0.18301908153018945,-0.10519578451069239,0.024859396411366932,0.454783734171904,0.14729132144007978,0.43331928292251654,-0.009790031895532209,0.11311788779362028,0.06561723419760052,14,5,2.8
199,0.9349685701942811,-0.417180430221325,-0.18301908153018945,-0.10519578451069239,0.024859396411366932,0.454783734171904,0.14729132144007978,0.43331928292251654,-0.009790031895532209,0.11311788779362028,0.06561723419760052,15,5,3.0
200,1.0710981810167437,-0.45903464437544156,-0.06686581668425094,-0.12058661211392527,0.07974297035596482,0.4551333199657217,0.1773291579780432,0.25096142727769305,-0.18415288216049372,0.1803282343962578,-0.005733176566376064,15,5,3.0
201,1.0002171281781798,-0.40184552039229104,-0.17200413972297013,0.04844942515412033,-0.07020272549060283,0.4627637780179653,0.10863005336882461,0.31811642768611004,0.0019494117827643376,0.08297511920809715,0.06989651559596194,15,5,3.0
202,1.0710981810167437,-0.45903464437544156,-0.06686581668425094,-0.12058661211392527,0.07974297035596482,0.4551333199657217,0.1773291579780432,0.25096142727769305,-0.18415288216049372,0.1803282343962578,-0.022357524151066427,14,6,2.3333333333333335
203,1.1428030494801078,-0.45531766002362656,-0.008326364119079374,-0.11636918656413736,-0.019139589616577704,0.45304664100477526,0.3256073529842974,0.15249460504746437,-0.16496592126738852,0.23571034242554434,0.0034289517964854604,16,4,4.0
204,0.9059637281234321,-0.3226452126150433,-0.10555053488639335,0.05264647655661804,0.028281358495378467,0.4046291662991097,0.03732031291216917,0.35464269634042705,-0.0723257396479853,0.07400323684007191,0.015491247840006911,19,1,19.0
205,1.0869109217406894,-0.5460924563349484,0.03653136530329619,-0.03875007744905343,-0.07594531361861294,0.46753730041391184,0.24695902940047826,0.2186121905632258,-0.09851996535484445,0.20518178158983855,0.012429814463570235,17,3,5.666666666666667
206,0.9059637281234321,-0.3226452126150433,-0.10555053488639335,0.05264647655661804,0.028281358495378467,0.4046291662991097,0.03732031291216917,0.35464269634042705,-0.0723257396479853,0.1350153891830863,0.015491247840006911,14,5,2.8
207,0.9059637281234321,-0.3226452126150433,-0.10555053488639335,0.05264647655661804,0.028281358495378467,0.4046291662991097,0.03732031291216917,0.35464269634042705,-0.0723257396479853,0.1350153891830863,0.015491247840006911,14,6,2.3333333333333335
208,1.139172000945287,-0.46591670556134634,-0.13182830218026098,-0.09096669286274861,0.05413235504481559,0.3714331147516018,0.2305974088051174,0.22037171424084592,-0.21444144040837487,0.1332287840277977,-0.0662930060001554,13,7,1.8571428571428572
209,1.139172000945287,-0.46591670556134634,-0.13182830218026098,-0.09096669286274861,0.05413235504481559,0.3714331147516018,0.2305974088051174,0.22037171424084592,-0.21444144040837487,0.1332287840277977,-0.0662930060001554,15,5,3.0
210,1.0710981810167437,-0.45903464437544156,-0.06686581668425094,-0.12058661211392527,0.07974297035596482,0.4551333199657217,0.1773291579780432,0.25096142727769305,-0.18415288216049372,0.1803282343962578,-0.022357524151066427,15,5,3.0
211,1.0710981810167437,-0.45903464437544156,-0.14033309788305925,-0.12058661211392527,0.07974297035596482,0.4551333199657217,0.1773291579780432,0.25096142727769305,-0.18415288216049372,0.1803282343962578,-0.022357524151066427,13,7,1.8571428571428572
212,1.0710981810167437,-0.45903464437544156,-0.06686581668425094,-0.12058661211392527,0.07974297035596482,0.4551333199657217,0.1773291579780432,0.25096142727769305,-0.18415288216049372,0.1803282343962578,-0.022357524151066427,17,3,5.666666666666667
213,1.0710981810167437,-0.45903464437544156,-0.06686581668425094,-0.12058661211392527,0.07974297035596482,0.4551333199657217,0.1773291579780432,0.25096142727769305,-0.18415288216049372,0.1803282343962578,-0.022357524151066427,17,3,5.666666666666667
214,1.0710981810167437,-0.45903464437544156,-0.06686581668425094,-0.12058661211392527,0.07974297035596482,0.4551333199657217,0.1773291579780432,0.25096142727769305,-0.18415288216049372,0.1803282343962578,-0.022357524151066427,14,6,2.3333333333333335
215,1.139172000945287,-0.46591670556134634,-0.13182830218026098,-0.09096669286274861,0.05413235504481559,0.3714331147516018,0.25109480312180654,0.22037171424084592,-0.21444144040837487,0.1332287840277977,-0.0662930060001554,14,5,2.8
216,1.0710981810167437,-0.45903464437544156,-0.06686581668425094,-0.12058661211392527,0.07974297035596482,0.4551333199657217,0.1773291579780432,0.25096142727769305,-0.18415288216049372,0.1803282343962578,-0.022357524151066427,15,5,3.0
217,1.0710981810167437,-0.45903464437544156,-0.06686581668425094,-0.12058661211392527,0.07974297035596482,0.4551333199657217,0.1773291579780432,0.25096142727769305,-0.18415288216049372,0.1803282343962578,-0.022357524151066427,15,5,3.0
218,1.067509454582507,-0.5237992078119755,-0.06058081672736895,-0.020181072855172177,0.02831034834460426,0.3348170486770153,0.2424194969502631,0.15659362671345708,-0.30454904067146704,0.21996838641695696,0.012612670082849817,16,4,4.0
219,1.0710981810167437,-0.45903464437544156,-0.06686581668425094,-0.12058661211392527,0.07974297035596482,0.4551333199657217,0.1773291579780432,0.25096142727769305,-0.18415288216049372,0.1803282343962578,-0.022357524151066427,18,2,9.0
220,1.067509454582507,-0.5237992078119755,-0.06058081672736895,-0.020181072855172177,0.02831034834460426,0.3348170486770153,0.2424194969502631,0.15659362671345708,-0.30454904067146704,0.2098782740805755,0.012612670082849817,18,2,9.0
221,1.0710981810167437,-0.45903464437544156,-0.06686581668425094,-0.12058661211392527,0.07974297035596482,0.4551333199657217,0.1773291579780432,0.25096142727769305,-0.18415288216049372,0.1803282343962578,-0.022357524151066427,14,6,2.3333333333333335
222,1.067509454582507,-0.5237992078119755,-0.06058081672736895,-0.020181072855172177,0.02831034834460426,0.3348170486770153,0.25087212124036645,0.15659362671345708,-0.30454904067146704,0.21996838641695696,0.012612670082849817,17,3,5.666666666666667
223,1.067509454582507,-0.5237992078119755,-0.06058081672736895,-0.020181072855172177,0.02831034834460426,0.3348170486770153,0.2424194969502631,0.15659362671345708,-0.30454904067146704,0.12285267202884029,0.012612670082849817,16,3,5.333333333333333
224,1.0646577224928166,-0.38708784360304294,-0.07529533861424763,-0.06418909334432776,0.08748552098785702,0.4222250360919436,0.20903584838763956,0.2797348265854538,-0.1941173634602705,0.11531320425177335,0.03959151940529898,14,6,2.3333333333333335
225,1.0657459788870622,-0.5298594029910999,-0.08541087788181381,-0.16709170587432687,0.049410160012711174,0.3875865925801966,0.18793607055942838,0.32829012585663586,-0.20458578614071515,0.2691641704501725,-0.03233553623486224,14,6,2.3333333333333335
226,1.0657459788870622,-0.5298594029910999,-0.08541087788181381,-0.16709170587432687,0.049410160012711174,0.3875865925801966,0.18793607055942838,0.32829012585663586,-0.20458578614071515,0.2691641704501725,-0.03233553623486224,14,5,2.8
227,1.0710981810167437,-0.40419176165954956,-0.06686581668425094,-0.12058661211392527,0.07974297035596482,0.4551333199657217,0.1773291579780432,0.25096142727769305,-0.18415288216049372,0.1803282343962578,-0.022357524151066427,16,4,4.0
228,0.9856667172593938,-0.4714376095888455,-0.12642635543814792,-0.1380371756050902,0.08028281832440094,0.3753523057831023,0.20789993005724167,0.3237107574248238,-0.23383910518096118,0.27610511703497576,0.003983580535105585,14,6,2.3333333333333335
229,1.0965248927803926,-0.40953778786145745,-0.06605956403775924,-0.14965071749806666,0.11672601806780973,0.5041708455126741,0.16274331901481368,0.17655810716074816,-0.09334002179668996,0.2618809381907212,0.0611008448737454,15,5,3.0
230,1.067509454582507,-0.5237992078119755,-0.06058081672736895,-0.020181072855172177,0.02831034834460426,0.3348170486770153,0.2424194969502631,0.15659362671345708,-0.2946661012074157,0.2098782740805755,0.012612670082849817,16,3,5.333333333333333
231,1.0965248927803926,-0.40953778786145745,-0.06605956403775924,-0.14965071749806666,0.11672601806780973,0.5041708455126741,0.16274331901481368,0.17655810716074816,-0.09334002179668996,0.2618809381907212,0.0611008448737454,14,6,2.3333333333333335
232,0.8782175864399939,-0.5225211718692728,-0.09356896757493335,-0.12318781681892058,0.10592815364410706,0.25277197560170245,0.002369246470406622,0.3508106142139207,-0.1259450030142708,0.23605775302189777,-0.07936273148690659,15,3,5.0
233,1.067509454582507,-0.5237992078119755,-0.06058081672736895,-0.020181072855172177,0.02831034834460426,0.3348170486770153,0.2424194969502631,0.15659362671345708,-0.30454904067146704,0.2098782740805755,0.06532043846598619,15,5,3.0
234,0.8782175864399939,-0.5225211718692728,-0.09356896757493335,-0.12318781681892058,0.10592815364410706,0.25277197560170245,0.002369246470406622,0.3508106142139207,-0.1259450030142708,0.23605775302189777,-0.07936273148690659,14,6,2.3333333333333335
235,0.8957554946187863,-0.6233309356046263,-0.22847692619217647,-0.014874986478986885,-0.036103438097969384,0.3379616979942294,0.15845394408620037,0.3748992607406239,-0.1785921198353953,0.31236972575518485,-0.10517393922803599,16,4,4.0
236,0.8957554946187863,-0.6233309356046263,-0.22847692619217647,-0.09702948576851989,-0.036103438097969384,0.3379616979942294,0.15845394408620037,0.3748992607406239,-0.1785921198353953,0.31236972575518485,-0.10517393922803599,16,4,4.0
237,0.7786277844892426,-0.49806678665317783,-0.1813900229305932,-0.09042661492229428,0.032050777263354646,0.23331494789584167,0.07099071801085596,0.38673289918539344,-0.18143028175801706,0.1598169923424776,-0.05503709999244935,15,5,3.0
238,0.9734659255623362,-0.5977829330900167,-0.163459938349386,-0.09534559481094321,0.01869625441737073,0.35136867574314673,0.09429963227746466,0.3521872716561858,-0.17956870657119772,0.2329071552110138,-0.08384524781956057,14,6,2.3333333333333335
239,0.9811598021196639,-0.7305272178611897,-0.14030743092269768,-0.13155249185543302,5.113429439390499E-4,0.289330128265382,-0.01905698643353286,0.35363194351673166,-0.09913274613001856,0.3306976472301507,-0.07726653201844091,18,2,9.0
240,0.8394749337042797,-0.6111320616790072,-0.24033886898480172,-0.061599588664270705,-0.023479826501112314,0.3373521105614885,0.06549173646769141,0.33766434644122184,-0.1274228942877865,0.40820234570037794,-0.127876444894317,14,6,2.3333333333333335
241,0.9806178918843276,-0.6710090659748449,-0.19537090300796967,-0.1622664929719282,0.009675449539853248,0.32169201761756583,0.05232419956453989,0.3227368463202438,-0.11997226787640031,0.31324471605537396,-0.036370238061832955,14,6,2.3333333333333335
242,0.9806178918843276,-0.6710090659748449,-0.19537090300796967,-0.1622664929719282,0.009675449539853248,0.32169201761756583,0.05232419956453989,0.3227368463202438,-0.11997226787640031,0.31324471605537396,-0.036370238061832955,16,4,4.0
243,0.8957554946187863,-0.6233309356046263,-0.20860302889334376,-0.07057343763706998,-0.036103438097969384,0.3379616979942294,0.15845394408620037,0.3748992607406239,-0.1785921198353953,0.31236972575518485,-0.10517393922803599,15,5,3.0
244,0.8775503678203369,-0.6450454240742219,-0.1810411343474465,5.0138527658588616E-5,0.01629163215694404,0.3940271971895539,0.1922281935159998,0.27318366368333846,-0.19258421974402473,0.2501527178747404,0.0014632959983301996,16,3,5.333333333333333
245,0.8775503678203369,-0.6450454240742219,-0.1810411343474465,5.0138527658588616E-5,0.01629163215694404,0.3940271971895539,0.1922281935159998,0.27318366368333846,-0.24267171957515854,0.2501527178747404,0.0014632959983301996,17,3,5.666666666666667
246,1.1766993819830769,-0.5131736324085538,-0.1131949495600843,-0.2738784559451092,0.09748398248639481,0.38712514609759574,0.35591248718166346,0.35309513072186083,-0.2606836437731044,0.25222367910745325,-0.13301554808032964,15,4,3.75
247,1.1959193706215703,-0.43960111500877713,-0.0447553615848634,-0.1908883393861041,0.16042887597997618,0.46313942681845466,0.28367278094391213,0.42958370882251684,-0.257602953061626,0.23384268263676505,-0.11006211941186134,15,5,3.0
248,0.912140889769129,-0.6893059267315893,-0.21203420408862433,-0.0036723776894037746,0.09069496219418591,0.3684346589836192,0.16830567733984325,0.27551506246460217,-0.27210869306611496,0.3347408728595471,-0.02867092267569772,15,4,3.75
249,0.8775503678203369,-0.6450454240742219,-0.1810411343474465,5.0138527658588616E-5,0.01629163215694404,0.3940271971895539,0.1922281935159998,0.29500152065552226,-0.24267171957515854,0.2501527178747404,0.0014632959983301996,14,5,2.8
250,0.9734659255623362,-0.5977829330900167,-0.2182454560001475,-0.09534559481094321,0.017633701454754624,0.35136867574314673,0.09429963227746466,0.3521872716561858,-0.17956870657119772,0.2329071552110138,-0.0602494256109849,16,3,5.333333333333333
251,0.9734659255623362,-0.5977829330900167,-0.2182454560001475,-0.09534559481094321,0.017633701454754624,0.35136867574314673,0.09429963227746466,0.3521872716561858,-0.17956870657119772,0.2329071552110138,-0.0602494256109849,16,4,4.0
252,0.9734659255623362,-0.5977829330900167,-0.2182454560001475,-0.09534559481094321,0.017633701454754624,0.35136867574314673,0.09429963227746466,0.25604794922593804,-0.17956870657119772,0.2329071552110138,-0.0602494256109849,17,3,5.666666666666667
253,0.9734659255623362,-0.5977829330900167,-0.2182454560001475,-0.09534559481094321,0.017633701454754624,0.35136867574314673,0.09429963227746466,0.3521872716561858,-0.17956870657119772,0.2329071552110138,-0.0602494256109849,13,7,1.8571428571428572
254,1.1709628530882923,-0.43960111500877713,-0.038943977952809114,-0.1908883393861041,0.16042887597997618,0.46313942681845466,0.28367278094391213,0.42958370882251684,-0.257602953061626,0.23384268263676505,-0.11006211941186134,16,4,4.0
255,0.9734659255623362,-0.5977829330900167,-0.2182454560001475,-0.09534559481094321,0.017633701454754624,0.35136867574314673,0.09429963227746466,0.3521872716561858,-0.17956870657119772,0.2329071552110138,-0.0602494256109849,14,6,2.3333333333333335
256,0.9734659255623362,-0.5977829330900167,-0.2182454560001475,-0.09534559481094321,0.017633701454754624,0.35136867574314673,0.09429963227746466,0.25604794922593804,-0.17956870657119772,0.2329071552110138,-0.0602494256109849,15,5,3.0
257,0.9734659255623362,-0.5977829330900167,-0.2182454560001475,-0.09534559481094321,0.017633701454754624,0.35136867574314673,0.09429963227746466,0.3521872716561858,-0.17956870657119772,0.2329071552110138,-0.0602494256109849,15,4,3.75
258,0.9734659255623362,-0.5977829330900167,-0.2182454560001475,-0.09534559481094321,0.017633701454754624,0.35136867574314673,0.09429963227746466,0.25604794922593804,-0.17956870657119772,0.2329071552110138,-0.0602494256109849,15,5,3.0
259,1.0671952577665251,-0.538137258674263,-0.2069113986328327,-0.0963352875311464,0.05693354494348363,0.34030463084403745,0.11845637259742653,0.26413333760262797,-0.16105429329527976,0.3047208908222707,-0.07050719216369397,15,5,3.0
260,0.9734659255623362,-0.5977829330900167,-0.2182454560001475,-0.09534559481094321,0.017633701454754624,0.35136867574314673,0.09429963227746466,0.25161700557733985,-0.17956870657119772,0.2329071552110138,-0.0602494256109849,15,5,3.0
261,0.9734659255623362,-0.5977829330900167,-0.2182454560001475,-0.09534559481094321,0.017633701454754624,0.2753642667817906,0.09429963227746466,0.3521872716561858,-0.17956870657119772,0.2329071552110138,-0.0602494256109849,15,5,3.0
262,0.9734659255623362,-0.5977829330900167,-0.2182454560001475,-0.09534559481094321,0.017633701454754624,0.35136867574314673,0.09429963227746466,0.25604794922593804,-0.17956870657119772,0.2329071552110138,-0.0602494256109849,16,4,4.0
263,1.005860184985073,-0.6636957630161617,-0.28385099066582475,-0.09558032409418388,0.0033505944610341815,0.38851709647819804,0.11931691521652082,0.4116045918998421,-0.26742028909590837,0.26592096861654535,0.006887961510930685,16,3,5.333333333333333
264,1.0471672110266639,-0.6671328390635711,-0.2974961969017279,-0.02774702462872103,0.07941996904243932,0.3978913046555609,0.1878909743719749,0.5030619755104254,-0.19081530435884048,0.20174115030482326,0.03219007474025176,15,5,3.0
265,1.0671952577665251,-0.538137258674263,-0.2069113986328327,-0.0963352875311464,0.05693354494348363,0.34030463084403745,0.11845637259742653,0.26413333760262797,-0.16105429329527976,0.3047208908222707,-0.08655693950548776,14,5,2.8
266,0.9734659255623362,-0.5977829330900167,-0.2182454560001475,-0.09534559481094321,0.017633701454754624,0.35136867574314673,0.09429963227746466,0.25604794922593804,-0.17956870657119772,0.2329071552110138,-0.0602494256109849,16,3,5.333333333333333
267,0.9734659255623362,-0.5977829330900167,-0.2182454560001475,-0.09534559481094321,0.017633701454754624,0.354414860998709,0.07560031801363216,0.25161700557733985,-0.17956870657119772,0.2329071552110138,-0.0602494256109849,18,2,9.0
268,1.0671952577665251,-0.538137258674263,-0.2069113986328327,-0.0963352875311464,0.05693354494348363,0.34030463084403745,0.11845637259742653,0.26413333760262797,-0.16105429329527976,0.3047208908222707,-0.08655693950548776,15,5,3.0
269,1.0471672110266639,-0.6671328390635711,-0.2974961969017279,-0.02774702462872103,0.07941996904243932,0.3978913046555609,0.1878909743719749,0.5030619755104254,-0.19081530435884048,0.20174115030482326,0.03219007474025176,15,5,3.0
270,0.8874960041246308,-0.5887559053682123,-0.20294203010842934,-0.1521228767265842,0.009101178450352104,0.38543105338825534,0.15331549107058925,0.33029837895596975,-0.1329974214588243,0.303878802851582,-0.0970387295573875,15,4,3.75
271,1.0471672110266639,-0.6671328390635711,-0.2974961969017279,-0.02774702462872103,0.07941996904243932,0.3978913046555609,0.1878909743719749,0.5030619755104254,-0.19081530435884048,0.20174115030482326,0.03219007474025176,16,3,5.333333333333333
272,1.0471672110266639,-0.6671328390635711,-0.2974961969017279,-0.02774702462872103,0.07941996904243932,0.3978913046555609,0.1878909743719749,0.5086773333808298,-0.19081530435884048,0.20174115030482326,0.03219007474025176,15,4,3.75
273,1.0671952577665251,-0.538137258674263,-0.2069113986328327,-0.0963352875311464,0.05693354494348363,0.34030463084403745,0.11845637259742653,0.26413333760262797,-0.16105429329527976,0.3047208908222707,-0.08655693950548776,14,6,2.3333333333333335
274,0.9770688059062979,-0.5328271489991997,-0.21816326410817838,-0.1031078152187039,0.09648505734893958,0.34758149790994486,0.12322439806703406,0.31097175587507153,-0.1775365882720941,0.32539902632601203,-0.006318046974746472,14,6,2.3333333333333335
275,0.9734659255623362,-0.5977829330900167,-0.2182454560001475,-0.09534559481094321,0.017633701454754624,0.354414860998709,0.0722995304461543,0.25161700557733985,-0.17956870657119772,0.2329071552110138,-0.0075103042408384835,15,5,3.0
276,0.9734659255623362,-0.5977829330900167,-0.2182454560001475,-0.09534559481094321,0.017633701454754624,0.354414860998709,0.0722995304461543,0.25161700557733985,-0.17956870657119772,0.2329071552110138,-0.0075103042408384835,16,4,4.0
277,0.946817871899498,-0.6579194849480493,-0.2696653795995587,-0.09702956889338733,-0.09209039799699106,0.4667438069610178,0.11073314907647404,0.3896420432066371,-0.23500542908418684,0.25469813409085057,-0.035494055758156395,15,5,3.0
278,0.9734659255623362,-0.5977829330900167,-0.2182454560001475,-0.09534559481094321,0.017633701454754624,0.354414860998709,0.0722995304461543,0.25161700557733985,-0.17956870657119772,0.2329071552110138,-0.0602494256109849,16,4,4.0
279,1.0671952577665251,-0.538137258674263,-0.2069113986328327,-0.0963352875311464,0.05693354494348363,0.345002143940348,0.11845637259742653,0.26413333760262797,-0.16105429329527976,0.3047208908222707,-0.08655693950548776,15,5,3.0
280,1.0671952577665251,-0.538137258674263,-0.2144051609633161,-0.0963352875311464,0.05693354494348363,0.34030463084403745,0.11845637259742653,0.26413333760262797,-0.16105429329527976,0.3047208908222707,-0.08655693950548776,14,6,2.3333333333333335
281,1.0671952577665251,-0.538137258674263,-0.2069113986328327,-0.0963352875311464,0.05693354494348363,0.34030463084403745,0.11845637259742653,0.26413333760262797,-0.16105429329527976,0.22698470170321827,-0.08655693950548776,14,3,4.666666666666667
282,0.8767682566178943,-0.8173147027061378,-0.16891921347645367,-0.11032655709677291,0.0924060784468511,0.42623043963579366,0.03208824423964576,0.21664368549228763,-0.10602179771984387,0.24987614825453802,-0.07590629736641377,14,6,2.3333333333333335
283,1.0671952577665251,-0.538137258674263,-0.2069113986328327,-0.0963352875311464,0.05693354494348363,0.4163469058553013,0.11845637259742653,0.26413333760262797,-0.16105429329527976,0.22698470170321827,-0.08655693950548776,15,5,3.0
284,1.0266454591285763,-0.6694731981853943,-0.3274990552609733,-0.07025101793420352,0.052319971414624515,0.28479473549745205,-0.036832424300090844,0.19503936473098601,-0.15927076181466787,0.19176543600814783,0.0016820814788665872,14,5,2.8
285,0.8767682566178943,-0.8173147027061378,-0.16891921347645367,-0.11032655709677291,0.04939460218059012,0.42623043963579366,0.03208824423964576,0.21664368549228763,-0.10602179771984387,0.24987614825453802,-0.07590629736641377,17,3,5.666666666666667
286,1.0671952577665251,-0.538137258674263,-0.2069113986328327,-0.0963352875311464,0.05693354494348363,0.34030463084403745,0.11845637259742653,0.26413333760262797,-0.16105429329527976,0.22698470170321827,-0.08655693950548776,14,6,2.3333333333333335
287,0.9879149888896435,-0.6927895131284585,-0.290858509745315,-0.12141024611198002,0.10612174897500734,0.2746251009791784,0.2041890862312608,0.3703830865384379,-0.15550181240572142,0.24067291277982658,-0.039163440077837314,14,6,2.3333333333333335
288,1.0671952577665251,-0.538137258674263,-0.2069113986328327,-0.0963352875311464,0.05693354494348363,0.4163469058553013,0.11845637259742653,0.31728293723794704,-0.16105429329527976,0.22698470170321827,-0.08655693950548776,14,6,2.3333333333333335
289,1.0671952577665251,-0.538137258674263,-0.2069113986328327,-0.0963352875311464,0.05693354494348363,0.4163469058553013,0.11845637259742653,0.26413333760262797,-0.16105429329527976,0.22698470170321827,-0.08655693950548776,18,2,9.0
290,1.0671952577665251,-0.538137258674263,-0.2069113986328327,-0.0963352875311464,0.05693354494348363,0.4163469058553013,0.11845637259742653,0.26413333760262797,-0.16105429329527976,0.22698470170321827,-0.08655693950548776,15,5,3.0
291,0.8767682566178943,-0.8173147027061378,-0.16891921347645367,-0.11032655709677291,0.04939460218059012,0.42623043963579366,0.03208824423964576,0.21664368549228763,-0.10602179771984387,0.24987614825453802,-0.07590629736641377,17,2,8.5
292,0.8767682566178943,-0.8173147027061378,-0.16891921347645367,-0.15364031642025008,0.04939460218059012,0.42623043963579366,0.03208824423964576,0.21664368549228763,-0.10602179771984387,0.24987614825453802,-0.07590629736641377,14,5,2.8
293,1.0796257322028868,-0.7344850332324346,-0.38412846544923684,-0.18026437496115888,0.022291022920107886,0.24986111837391597,0.2007408481871286,0.29746848940548715,-0.2022215276106838,0.2383813206679459,0.02450471670523552,15,4,3.75
294,0.8023024492622839,-0.7626903066971057,-0.17556596837939098,-0.09332671634486858,0.02145831239839388,0.5118367587373099,0.10715089636592323,0.1937285780162543,-0.09923382312837555,0.25139953805489296,-0.0876671670181026,14,5,2.8
295,1.0796257322028868,-0.7344850332324346,-0.37737547728370746,-0.18026437496115888,0.022291022920107886,0.24986111837391597,0.2007408481871286,0.29746848940548715,-0.2022215276106838,0.2383813206679459,0.02450471670523552,16,3,5.333333333333333
296,0.8023024492622839,-0.7626903066971057,-0.17556596837939098,-0.09332671634486858,0.02145831239839388,0.5118367587373099,0.10715089636592323,0.1937285780162543,-0.09923382312837555,0.25139953805489296,-0.0876671670181026,16,4,4.0
297,0.904446699665504,-0.73271831978813,-0.13286485178286567,-0.17424046901038537,0.14569169215132682,0.5737642525511002,0.11002282359973647,0.20407390039183645,-0.11248132143402644,0.32888858147800637,-0.03233493536888285,15,5,3.0
298,0.8023024492622839,-0.7626903066971057,-0.17556596837939098,-0.09332671634486858,0.051526348267005945,0.5118367587373099,0.10715089636592323,0.1937285780162543,-0.09923382312837555,0.25139953805489296,-0.18243528881264137,15,5,3.0
299,0.904446699665504,-0.73271831978813,-0.13286485178286567,-0.17424046901038537,0.14569169215132682,0.5737642525511002,0.07661125294906841,0.20407390039183645,-0.11248132143402644,0.32888858147800637,-0.03233493536888285,15,5,3.0
300,0.7265707468730105,-0.674955647685366,-0.07131699949147462,-0.04325203519791211,-0.1303724978276083,0.4778281530318664,-0.007708691553818106,0.21414598840802768,-0.16876561754331212,0.37656523778228856,0.016529407697463083,16,4,4.0
301,0.8023024492622839,-0.7626903066971057,-0.17556596837939098,-0.09332671634486858,0.02145831239839388,0.5118367587373099,0.10715089636592323,0.1937285780162543,-0.09923382312837555,0.25139953805489296,-0.0876671670181026,17,3,5.666666666666667
302,0.8914318562685593,-0.7560818301386565,-0.2083083694753502,-0.13961592168312748,-0.042026781735643684,0.5216925254274543,0.029789613346279595,0.13074669275295436,-0.1380726533623391,0.2965237035736364,-0.033671531403972665,14,6,2.3333333333333335
303,0.9502169109838238,-0.7681197416670276,-0.20316499063982107,-0.15015936919525055,-0.0031101874421529258,0.6124963419258985,0.0707236939989448,0.047991388753589076,-0.19649492462676063,0.2705360243772281,-0.12938638658754087,15,5,3.0
304,0.8023024492622839,-0.7626903066971057,-0.17556596837939098,-0.09332671634486858,0.02145831239839388,0.5118367587373099,0.10715089636592323,0.1937285780162543,-0.09923382312837555,0.25139953805489296,-0.0876671670181026,16,4,4.0
305,0.8167682342335573,-0.7840471930422084,-0.12918593376621199,-0.03603282043299161,0.00981576604247629,0.4269254224728275,0.045131138944989505,0.12838103357773195,-0.23278657169738384,0.1769529464747548,-0.09545656334318997,14,6,2.3333333333333335
306,0.8167682342335573,-0.7840471930422084,-0.12918593376621199,-0.03603282043299161,0.00981576604247629,0.4269254224728275,0.045131138944989505,0.12838103357773195,-0.23278657169738384,0.1769529464747548,-0.09545656334318997,14,6,2.3333333333333335
307,0.8023024492622839,-0.7626903066971057,-0.17556596837939098,-0.09332671634486858,0.02145831239839388,0.5118367587373099,0.10715089636592323,0.1937285780162543,-0.09923382312837555,0.25139953805489296,-0.0876671670181026,14,5,2.8
308,0.7886405458549203,-0.7569428989961877,-0.15112616273236432,-0.15818431429716578,-0.03626433733364945,0.5990341097735783,0.14386304002607794,0.2906642412235269,-0.08957551411366525,0.3470717353271122,-0.1743611050154763,15,5,3.0
309,0.7553344958008843,-0.6699714468074834,-0.11887539030026852,-0.0913181261862827,-0.199804317568567,0.563859761419834,-0.021114139627648673,0.2975757163704599,-0.2294474041938459,0.4293932409208925,-0.04295028832460521,14,6,2.3333333333333335
310,0.8998152133604341,-0.7764422013414499,-0.2053793552814997,-0.18545799274913166,0.024289272022465933,0.5191221017017842,0.10906060675374955,0.1912375704149329,-0.07228951288936257,0.24313366867140535,-0.18159748544083337,16,4,4.0
311,0.8023024492622839,-0.7626903066971057,-0.17556596837939098,-0.09332671634486858,0.02145831239839388,0.5118367587373099,0.10715089636592323,0.1937285780162543,-0.09923382312837555,0.30549510093656385,-0.0876671670181026,16,4,4.0
312,0.7975024331772885,-0.792394104365749,-0.24436528284194725,-0.019636003201024627,0.0673434877284402,0.491792852548654,0.11014006451684048,0.20046473950481875,-0.06518954594292016,0.2423607107377686,-0.09128275836657053,15,5,3.0
313,0.7975024331772885,-0.792394104365749,-0.24436528284194725,-0.019636003201024627,0.0673434877284402,0.491792852548654,0.11014006451684048,0.20046473950481875,-0.06518954594292016,0.2245394952069308,-0.09128275836657053,15,5,3.0
314,0.8101772894290148,-0.7229026302091599,-0.25632731946682386,-0.06738307835122015,-0.07221297679038513,0.5062495023895804,0.053760344825498116,0.12513814570237264,-0.00943409378474945,0.2538005621765582,-0.1299309848102058,14,5,2.8
315,0.7886405458549203,-0.7569428989961877,-0.15112616273236432,-0.15818431429716578,-0.03626433733364945,0.5990341097735783,0.14386304002607794,0.2906642412235269,-0.08957551411366525,0.3470717353271122,-0.1743611050154763,16,4,4.0
316,0.7975024331772885,-0.792394104365749,-0.24436528284194725,-0.019636003201024627,0.0673434877284402,0.491792852548654,0.11014006451684048,0.20046473950481875,-0.06518954594292016,0.2423607107377686,-0.09128275836657053,15,4,3.75
317,0.759759273317642,-0.7045380897510656,-0.17352522393793726,0.01074470604791996,0.09172747661653624,0.45553066671621384,0.07393054077358535,0.10196265608092825,-0.06764143449772513,0.3232952661770453,-0.0031932167649684623,16,4,4.0
318,0.8023024492622839,-0.7626903066971057,-0.17556596837939098,-0.037260586320362776,0.02145831239839388,0.5118367587373099,0.10715089636592323,0.1937285780162543,-0.09923382312837555,0.30549510093656385,-0.0876671670181026,15,3,5.0
319,0.8461544539065506,-0.6539387991175245,-0.15438441191227126,-0.12912216979250718,-0.12293502604908021,0.531901325253229,0.09331015410411297,0.14423130609759793,-0.0060925699562308575,0.38938512248204826,-0.14010109976387672,14,6,2.3333333333333335
320,0.8165983358210176,-0.8095410485974344,-0.2643026325565355,-0.07404143592607962,0.10402733652226731,0.47360574229393426,0.19312401645860774,0.2140638122629271,-0.1890015338673019,0.32448175573768046,-0.13072402480996845,18,2,9.0
321,0.7264891812506462,-0.8024021926638175,-0.3248706392504849,-0.01570262322363239,0.1904069537553677,0.5426376185808262,0.10308336127381189,0.26394981791513084,-0.15313691072649155,0.3365262443139147,-0.09349249023905282,15,5,3.0
322,0.7899714384679968,-0.7354169774391702,-0.18695439508325545,0.05051326922505308,0.18005629678742932,0.4707763509111313,0.11962161823529655,0.19344191972219923,-0.05176196369102404,0.3842978297297507,-0.07821952146505598,17,1,17.0
323,0.7899714384679968,-0.6566470179078145,-0.18695439508325545,0.05051326922505308,0.18005629678742932,0.4707763509111313,0.11962161823529655,0.19344191972219923,-0.05176196369102404,0.3842978297297507,-0.07821952146505598,17,3,5.666666666666667
324,0.7899714384679968,-0.7354169774391702,-0.18695439508325545,0.05051326922505308,0.18005629678742932,0.4707763509111313,0.11962161823529655,0.19344191972219923,-0.05176196369102404,0.3842978297297507,-0.07821952146505598,16,4,4.0
325,0.7247020043410867,-0.6705362063491608,-0.22848763622270724,0.11540631685710767,0.16109704211378653,0.47821226061468225,0.029608397566920422,0.22018376430031986,-0.10552347465006269,0.3554093317041585,-0.10846091159329284,15,4,3.75
326,0.8524397472904593,-0.7672091624977788,-0.16508156228865312,0.09534221242208749,0.04814708769751541,0.37487616705903654,0.1605401662772801,0.17275114449632253,-0.13746938321198512,0.2827759519928861,-0.007464646542451339,15,5,3.0
327,0.8524397472904593,-0.7672091624977788,-0.16508156228865312,0.09534221242208749,0.04814708769751541,0.37487616705903654,0.1605401662772801,0.17275114449632253,-0.13746938321198512,0.2827759519928861,-0.007464646542451339,17,3,5.666666666666667
328,0.8618615494395854,-0.7555418821317404,-0.2752329570611268,-0.1594263124916097,0.0319846281020215,0.473420103428016,0.1340497640868526,0.30804010167997253,-0.25237105618670663,0.40531805678545474,-0.031955084239395276,14,6,2.3333333333333335
329,0.8524397472904593,-0.7672091624977788,-0.16508156228865312,0.14772194663699004,0.04814708769751541,0.37487616705903654,0.1605401662772801,0.17275114449632253,-0.13746938321198512,0.2827759519928861,-0.007464646542451339,13,5,2.6
330,0.8090611608343988,-0.8466243872686271,-0.14841150307067613,-0.1542708295531525,0.048848097854843286,0.6770463891500955,0.16984694904368164,0.2672732935447582,-0.051683440066080305,0.4976178385735912,-0.11379637771321022,15,5,3.0
331,0.7312224211071541,-0.7822294516989996,-0.23336661587596116,-0.039847723299136405,0.1484248635271998,0.4420105583833581,0.17179757370840146,0.21037378901456033,-0.24011687247476016,0.2814025576640696,-0.02511665931845862,14,5,2.8
332,0.7936872329388587,-0.8547261663496938,-0.21851893475922746,0.24293404490133944,0.11135163187139713,0.39337474489841995,0.12975049382350623,0.08792701701768214,-0.09328762655609593,0.33056307260960793,0.007228328980592669,15,5,3.0
333,0.8734224426161656,-0.8466243872686271,-0.14841150307067613,-0.1542708295531525,0.048848097854843286,0.6770463891500955,0.16984694904368164,0.2672732935447582,-0.051683440066080305,0.4976178385735912,-0.11379637771321022,16,4,4.0
334,0.6849063653957203,-0.8649104860435856,-0.29695903442095073,0.0462752117626631,0.029542985855489826,0.5006872648864972,0.1695877453099516,0.22586237801664277,-0.3544353028532122,0.3205401717435604,-0.15068045702828534,16,4,4.0
335,0.7936872329388587,-0.8547261663496938,-0.21851893475922746,0.24293404490133944,0.11135163187139713,0.39337474489841995,0.12975049382350623,0.08792701701768214,-0.09328762655609593,0.33056307260960793,0.007228328980592669,15,5,3.0
336,0.6959353715938624,-0.8582244419943439,-0.1734824901437458,-0.032572702828123475,0.14744251572168082,0.4972225068523308,0.30715406465044054,0.11912139373024352,-0.24267311340240347,0.46878470626852303,-0.06711043078968949,13,7,1.8571428571428572
337,0.7714539200547069,-0.927206487263554,-0.06972556954964113,-0.08326423973355304,0.0883258482690922,0.7469536204437432,0.14689608766853232,0.18300258768377836,-0.00651034988153204,0.541695610530892,-0.09525604811577028,16,4,4.0
338,0.8738307016827391,-0.8610486300967827,-0.10987062791084887,-0.09825389997542762,-0.07291764744993869,0.8211428792455262,-0.0023607043794505594,0.22387435498429875,0.12730874619818952,0.5523806113238849,-0.0838978899087528,16,4,4.0
339,0.7714539200547069,-0.927206487263554,-0.06972556954964113,-0.08326423973355304,0.06236154576054517,0.7469536204437432,0.14689608766853232,0.18300258768377836,-0.00651034988153204,0.541695610530892,-0.09525604811577028,16,4,4.0
340,0.8619541314215686,-1.0090363982532287,-0.12747273679592228,-0.1719919001462333,-0.024062883142218078,0.8028300368134994,0.08063862713012562,0.2422835216315782,0.032839036681215905,0.4683649074153273,-0.14662743956849789,15,5,3.0
341,0.7714539200547069,-0.927206487263554,-0.06972556954964113,-0.08326423973355304,0.06236154576054517,0.7469536204437432,0.14689608766853232,0.10830921654582484,-0.00651034988153204,0.494668075611558,-0.09525604811577028,14,5,2.8
342,0.8152574483232712,-0.9115006181215117,-0.2248225386678248,-0.10642164397746084,0.014650131918512416,0.7681566233512904,0.22545093791497808,0.2175673180512797,-0.04567488797026727,0.5191592818433293,-0.08860757923472867,17,3,5.666666666666667
343,0.7714539200547069,-0.927206487263554,-0.06972556954964113,-0.08326423973355304,0.0883258482690922,0.7469536204437432,0.14689608766853232,0.18300258768377836,-0.00651034988153204,0.541695610530892,-0.09525604811577028,15,5,3.0
344,0.7714539200547069,-0.927206487263554,-0.06972556954964113,-0.08326423973355304,0.0883258482690922,0.7469536204437432,0.14689608766853232,0.18300258768377836,-0.00651034988153204,0.541695610530892,-0.09525604811577028,15,5,3.0
345,0.8524397472904593,-0.8649572929358035,-0.16508156228865312,0.14772194663699004,0.04814708769751541,0.37487616705903654,0.1605401662772801,0.17275114449632253,-0.13746938321198512,0.2827759519928861,-0.007464646542451339,15,3,5.0
346,0.8524397472904593,-0.8649572929358035,-0.16508156228865312,0.14772194663699004,0.04814708769751541,0.37487616705903654,0.1605401662772801,0.17275114449632253,-0.13746938321198512,0.2827759519928861,-0.007464646542451339,14,6,2.3333333333333335
347,0.8863804214976531,-0.8821674419796023,-0.22859859919708006,0.10605316489952639,0.023896004854615474,0.4673669918820095,0.20293059235159902,0.26921939365421055,-0.07737110620044657,0.2908790934976363,-0.08131699906345842,14,5,2.8
348,0.8152574483232712,-0.9115006181215117,-0.2248225386678248,-0.10642164397746084,0.014650131918512416,0.7681566233512904,0.22545093791497808,0.2175673180512797,-0.04567488797026727,0.5191592818433293,-0.08860757923472867,15,4,3.75
349,0.8332088714953785,-0.8901876724563617,-0.269689988252925,-0.19466951816352937,-0.022722815735984295,0.7365516393445246,0.1434502044784991,0.12315809120325949,0.03875128381941083,0.5886091626820442,-0.1433740491669544,14,6,2.3333333333333335
350,0.8619541314215686,-1.0090363982532287,-0.12747273679592228,-0.1719919001462333,-0.024062883142218078,0.8028300368134994,0.08063862713012562,0.1486683720634441,0.032839036681215905,0.4683649074153273,-0.14662743956849789,15,5,3.0
351,0.9100882425231056,-0.9064353902887691,-0.2966743270288359,0.09240607614433298,0.0890887452837313,0.4609365698721519,0.21854944861770548,0.2326759253106621,0.008305437533018573,0.30597907302082217,-0.07614357829188244,16,4,4.0
352,0.8619541314215686,-1.0090363982532287,-0.12747273679592228,-0.1719919001462333,-0.024062883142218078,0.716394253998078,0.08063862713012562,0.1486683720634441,0.032839036681215905,0.4683649074153273,-0.14662743956849789,17,3,5.666666666666667
